class,mean,ci_2p5,ci_97p5
A_ISOLATED,0.07935010026967743,-0.05187106009539325,0.20459939125800258
B_LOW,0.08794959802126502,0.04224037883245132,0.13289544027542705
C_MODERATE,0.06816928651815302,0.04205929085682417,0.0944955457922863
D_CONNECTED,0.037369267358687924,0.014468033927255826,0.06041193681998592
