variable,spearman_rho,p_value
void_network_count_3R_dz0.05,-0.09166396442033777,0.028933433519383708
