KS_stat,p_value
0.2830820770519263,0.11597550875598449
