variable,rho,p_value
void_isolation_index,0.019124838204518397,0.6492279435841746
void_network_count_3R_dz0.05,-0.019767460884982224,0.6382685212901742
